{"cameraMode":{"drawMode":0,"name":"Shaded","section":"Shading Mode"},"sceneLighting":true,"audioPlay":false,"sceneViewState":{"m_AlwaysRefresh":false,"showFog":true,"showSkybox":true,"showFlares":true,"showImageEffects":true,"showParticleSystems":true,"showVisualEffectGraphs":true,"m_FxEnabled":true},"in2DMode":false,"pivot":{"x":417.69085693359377,"y":-6.666760444641113,"z":49.485328674316409},"rotation":{"x":0.010583884082734585,"y":0.7085112929344177,"z":-0.010628441348671914,"w":0.7055392861366272},"size":9.14896297454834,"orthographic":false}