{"cameraMode":{"drawMode":0,"name":"Shaded","section":"Shading Mode"},"sceneLighting":true,"audioPlay":false,"sceneViewState":{"m_AlwaysRefresh":false,"showFog":true,"showSkybox":true,"showFlares":true,"showImageEffects":true,"showParticleSystems":true,"showVisualEffectGraphs":true,"m_FxEnabled":true},"in2DMode":false,"pivot":{"x":257.49774169921877,"y":110.18705749511719,"z":37.06999206542969},"rotation":{"x":0.03182462975382805,"y":0.968146800994873,"z":-0.17167595028877259,"w":0.17947201430797578},"size":322.8795166015625,"orthographic":true}