{"cameraMode":{"drawMode":0,"name":"Shaded","section":"Shading Mode"},"sceneLighting":false,"audioPlay":false,"sceneViewState":{"m_AlwaysRefresh":false,"showFog":true,"showSkybox":false,"showFlares":true,"showImageEffects":true,"showParticleSystems":true,"showVisualEffectGraphs":true,"m_FxEnabled":true},"in2DMode":false,"pivot":{"x":409.19781494140627,"y":0.47481489181518557,"z":51.696041107177737},"rotation":{"x":0.010602552443742752,"y":0.9689052700996399,"z":-0.04217396304011345,"w":0.2435833364725113},"size":8.995226860046387,"orthographic":false}